id,date_out,date_in,station_in,station_out,class_of_use,trip_distance,time_of_use
1584798, 10:37:39,2005-12-07 10:39:53,7001,7001,1,80,2
1585791,2005-12-2005-12-0707 12:36:53,2005-12-07 12:50:51,10056,10064,2,3161,14
1586230,2005-12-07 13:20:44,2005-12-07 13:29:22,10064,10024,1,1468,8
1586231,2005-12-07 13:21:27,2005-12-07 13:29:23,10064,10024,1,1472,7
1586327,2005-12-07 13:24:58,2005-12-07 13:26:35,3043,3043,1,51,1
1586438,2005-12-07 13:30:14,2005-12-07 13:35:15,3043,3043,1,172,4
1586867,2005-12-07 13:52:36,2005-12-07 14:20:21,10005,10005,1,5541,27
1586912,2005-12-07 14:20:00,2005-12-07 14:23:43,10056,10005,1,977,3
1587371,2005-12-07 14:51:27,2005-12-07 15:05:45,10064,10064,2,1705,14
1587384,2005-12-07 15:04:37,2005-12-07 15:06:54,3016,3016,1,124,2
1587604,2005-12-07 14:37:39,2005-12-07 15:28:33,10056,10056,1,63,1
1587632,2005-12-07 15:02:57,2005-12-07 15:20:01,7038,7001,1,1705,16
1587698,2005-12-07 15:33:10,2005-12-07 15:37:04,10005,10056,1,964,3
1587700,2005-12-07 15:32:23,2005-12-07 15:37:05,10005,10056,1,955,4
1587989,2005-12-07 15:43:26,2005-12-07 16:02:26,3016,3016,1,2786,18
1588081,2005-12-07 15:28:30,2005-12-07 16:10:12,10005,10005,1,2364,41
1588106,2005-12-07 16:01:42,2005-12-07 16:11:38,10012,10056,1,2505,9
1588619,2005-12-07 17:18:46,2005-12-07 17:25:56,10064,10024,1,1581,7
1588914,2005-12-07 17:49:08,2005-12-07 17:52:41,10012,10064,1,571,3
1588952,2005-12-07 17:25:10,2005-12-07 17:55:05,3043,10005,1,3610,17
1589157,2005-12-07 17:53:13,2005-12-07 18:09:55,10056,10012,1,2962,16
1589784,2005-12-07 18:25:15,2005-12-07 18:52:06,7001,7001,1,3574,26
1590213,2005-12-07 19:31:10,2005-12-07 19:36:35,7001,7038,1,1254,5
1591056,2005-12-07 20:42:20,2005-12-07 21:01:21,10005,10056,1,3132,18
1591134,2005-12-07 20:49:18,2005-12-07 20:58:39,3043,7038,1,1969,8
1591158,2005-12-07 21:09:17,2005-12-07 21:09:17,10024,3043,1,1098,0
1591528,2005-12-07 22:08:09,2005-12-07 22:09:28,10005,10005,1,55,1
1591556,2005-12-07 21:48:22,2005-12-07 22:13:48,7001,3016,1,1340,13
1591558,2005-12-07 21:49:44,2005-12-07 22:14:09,7001,3016,1,1231,12
1591563,2005-12-07 22:11:31,2005-12-07 22:15:13,10005,10056,1,966,3
1591794,2005-12-07 22:46:03,2005-12-07 22:48:43,3016,3016,1,91,2
1592037,2005-12-07 23:05:31,2005-12-07 23:10:32,7038,7001,1,1134,4
1592088,2005-12-07 23:09:56,2005-12-07 23:17:09,7001,7038,1,1611,7
1592335,2005-12-08 00:04:51,2005-12-08 00:09:11,3016,3016,1,949,4
1592442,2005-12-08 00:10:36,2005-12-08 00:27:26,7001,3016,1,584,5
1592472,2005-12-08 00:14:00,2005-12-08 00:30:54,10056,10056,1,3868,16
1592615,2005-12-08 00:33:24,2005-12-08 00:42:19,10056,7038,1,5325,9
1593065,2005-12-08 03:26:26,2005-12-08 03:28:17,10005,10005,1,118,1
1593087,2005-12-08 03:30:27,2005-12-08 03:30:27,3016,7001,1,1527,0
1593088,2005-12-08 03:32:24,2005-12-08 03:32:24,3016,7001,1,1644,0
1593090,2005-12-08 03:33:44,2005-12-08 03:33:44,3016,7001,1,1609,0
1593255,2005-12-08 07:25:22,2005-12-08 07:26:18,10012,10012,2,3157,1
1594715,2005-12-08 09:42:12,2005-12-08 09:53:53,10012,10056,1,2691,11
1594916,2005-12-08 09:58:25,2005-12-08 10:17:14,3016,10005,1,3772,18
1595235,2005-12-08 10:56:11,2005-12-08 10:56:11,7011,7001,1,1700,0
1595405,2005-12-08 11:19:26,2005-12-08 11:28:39,10056,10056,1,1138,9
1595873,2005-12-08 12:21:20,2005-12-08 12:23:37,3016,3016,1,108,2
1596018,2005-12-08 12:32:34,2005-12-08 12:35:06,10056,10056,2,93,2
1596567,2005-12-08 13:06:37,2005-12-08 13:12:20,10005,10056,1,966,5
1596864,2005-12-08 13:34:43,2005-12-08 13:36:49,10056,10056,1,93,2
1596994,2005-12-08 13:27:04,2005-12-08 13:35:36,7001,7038,1,1069,8
1597067,2005-12-08 13:35:54,2005-12-08 13:41:25,7001,7038,1,1059,5
1597140,2005-12-08 13:32:13,2005-12-08 13:45:47,7001,7001,1,2202,13
1597173,2005-12-08 13:44:33,2005-12-08 13:46:35,10012,3043,1,3166,2
1597326,2005-12-08 12:38:59,2005-12-08 14:10:49,3016,3016,1,5304,91
1597798,2005-12-08 15:07:30,2005-12-08 15:14:33,10056,10005,1,992,7
1597832,2005-12-08 15:02:12,2005-12-08 15:07:55,7038,7001,1,1151,5
1598130,2005-12-08 15:37:34,2005-12-08 15:52:20,10024,7011,1,3306,14
1598516,2005-12-08 16:21:26,2005-12-08 16:27:36,10005,10056,1,962,6
1598672,2005-12-08 16:31:16,2005-12-08 16:40:15,10056,10012,1,2484,9
1598964,2005-12-08 16:59:21,2005-12-08 17:15:37,7001,3016,1,603,4
1599501,2005-12-08 17:18:06,2005-12-08 17:37:51,7001,7001,1,1710,19
1599646,2005-12-08 17:22:53,2005-12-08 17:45:50,7001,7001,1,1881,22
1599746,2005-12-08 17:36:30,2005-12-08 17:50:53,7001,7001,1,1486,14
1599815,2005-12-08 17:43:28,2005-12-08 18:06:10,10056,10056,1,5289,22
1600219,2005-12-08 18:24:24,2005-12-08 18:25:49,3016,3016,1,55,1
1600432,2005-12-08 18:16:35,2005-12-08 18:24:32,7038,7001,1,1140,7
1600508,2005-12-08 18:19:02,2005-12-08 18:40:08,7038,3016,1,1661,8
1600822,2005-12-08 18:53:08,2005-12-08 18:55:50,3016,3016,1,152,2
1601169,2005-12-08 18:13:20,2005-12-08 19:01:33,3016,7001,1,1031,48
1601469,2005-12-08 19:03:31,2005-12-08 19:29:43,7001,10024,1,3089,14
1601541,2005-12-08 18:54:47,2005-12-08 19:33:34,7001,3016,1,2757,26
1601615,2005-12-08 19:22:59,2005-12-08 19:24:49,7001,7001,1,63,1
1601672,2005-12-08 19:08:38,2005-12-08 19:27:37,7001,7001,1,1433,18
1601731,2005-12-08 18:14:43,2005-12-08 19:43:05,10064,10064,1,7528,88
1601746,2005-12-08 19:18:47,2005-12-08 19:44:00,7001,7011,1,1915,13
1601978,2005-12-08 19:32:07,2005-12-08 19:58:54,3043,10012,1,3524,13
1602028,2005-12-08 19:43:09,2005-12-08 19:49:57,7038,7001,1,1174,6
1602547,2005-12-08 20:30:28,2005-12-08 20:30:28,10024,3043,1,941,0
1602664,2005-12-08 20:15:59,2005-12-08 20:45:04,3043,3016,1,2775,16
1602852,2005-12-08 20:40:21,2005-12-08 20:50:25,3043,7001,1,2073,9
1603073,2005-12-08 20:39:03,2005-12-08 21:12:50,3016,7001,1,5425,34
1603277,2005-12-08 21:26:06,2005-12-08 21:52:33,7001,10024,1,2880,14
1603638,2005-12-08 22:27:06,2005-12-08 22:32:05,7001,7038,1,1059,4
1603710,2005-12-08 22:39:44,2005-12-08 22:53:31,10064,10056,1,2850,13
1604114,2005-12-08 23:20:15,2005-12-08 23:31:26,7001,3043,1,2666,11
1604269,2005-12-08 23:57:10,2005-12-08 23:59:05,3016,3016,1,110,1
1604310,2005-12-08 23:39:47,2005-12-08 23:51:08,7001,3043,1,2076,11
1604432,2005-12-08 23:59:29,2005-12-09 00:15:50,3016,10024,1,4595,16
1604619,2005-12-09 00:16:38,2005-12-09 00:33:58,7001,3016,1,613,5
1604684,2005-12-09 00:24:55,2005-12-09 00:42:04,3043,10024,1,922,4
1605021,2005-12-09 01:08:51,2005-12-09 01:21:07,10024,10056,1,3632,12
1605372,2005-12-09 02:43:31,2005-12-09 02:43:31,3016,7038,1,1627,0
1605506,2005-12-09 04:19:04,2005-12-09 04:26:39,3016,3016,1,2026,7
1605507,2005-12-09 04:24:00,2005-12-09 04:27:59,3016,3016,1,2681,4
1605714,2005-12-08 08:05:16,2005-12-09 07:51:19,10056,10012,1,2537,8
1605777,2005-12-09 08:00:18,2005-12-09 08:01:37,10012,10012,3,1183,1
1605911,2005-12-09 08:07:31,2005-12-09 08:14:10,10024,10064,1,1523,6
1606010,2005-12-09 08:19:00,2005-12-09 08:24:34,10056,10005,1,968,5
1606249,2005-12-09 08:45:32,2005-12-09 08:47:55,10005,10005,1,53,2
1606790,2005-12-09 09:10:55,2005-12-09 09:28:12,7001,3016,1,580,5
1606965,2005-12-09 09:37:33,2005-12-09 09:46:25,10005,10056,1,966,8
1607107,2005-12-09 09:49:06,2005-12-09 10:05:44,3016,10005,1,3807,16
1607304,2005-12-09 10:24:39,2005-12-09 10:26:17,7038,7038,1,51,1
1607715,2005-12-09 11:27:53,2005-12-09 11:41:03,3016,3016,1,1823,13
1607801,2005-12-09 11:33:24,2005-12-09 11:36:49,3043,3043,1,131,3
1608592,2005-12-09 12:26:39,2005-12-09 12:54:51,10005,10005,1,3368,28
1608666,2005-12-09 12:55:59,2005-12-09 12:59:52,10012,10064,1,572,3
1608993,2005-12-09 13:12:04,2005-12-09 13:13:51,7011,3043,1,2714,2
1609097,2005-12-09 13:22:55,2005-12-09 13:24:46,3043,3043,1,124,1
1609099,2005-12-09 13:33:55,2005-12-09 13:37:57,10064,10012,1,567,3
1609103,2005-12-09 13:22:40,2005-12-09 13:38:41,10056,10024,1,3694,16
1609255,2005-12-09 13:46:34,2005-12-09 13:51:37,10056,10005,2,960,5
1609318,2005-12-09 13:31:48,2005-12-09 13:44:35,7001,7038,1,1141,12
1609667,2005-12-09 13:58:11,2005-12-09 14:06:57,7001,7038,1,1065,9
1609829,2005-12-09 14:26:46,2005-12-09 14:26:46,3016,7001,1,597,0
1610006,2005-12-09 14:44:50,2005-12-09 14:46:46,10005,10005,1,87,1
1610603,2005-12-09 15:24:15,2005-12-09 15:26:23,7038,7038,1,89,2
1610959,2005-12-09 15:53:43,2005-12-09 16:09:59,10056,10056,1,1403,16
1611364,2005-12-09 16:04:02,2005-12-09 16:28:53,7001,7038,1,512,24
1611372,2005-12-09 16:03:22,2005-12-09 16:29:03,7001,7038,1,509,25
1611631,2005-12-09 16:42:36,2005-12-09 16:59:34,7001,3016,1,575,4
1611930,2005-12-09 16:53:02,2005-12-09 17:16:22,3043,10024,1,1877,9
1611979,2005-12-09 16:50:35,2005-12-09 17:18:42,7001,10024,1,3344,15
1612250,2005-12-09 17:09:55,2005-12-09 17:23:35,7001,7001,1,598,13
1612277,2005-12-09 17:24:18,2005-12-09 17:37:57,10012,10056,1,2615,13
1612543,2005-12-09 17:38:31,2005-12-09 17:40:25,3043,3043,1,93,1
1613773,2005-12-09 18:56:00,2005-12-09 18:58:10,10056,10056,1,57,2
1614013,2005-12-09 19:06:22,2005-12-09 19:13:58,10056,10005,1,970,7
1614019,2005-12-09 18:58:50,2005-12-09 19:01:43,7038,7038,1,246,2
1614023,2005-12-09 18:58:15,2005-12-09 19:14:42,7001,3016,1,592,3
1614377,2005-12-09 19:07:02,2005-12-09 19:38:53,7038,10024,1,3031,19
1614550,2005-12-09 19:22:27,2005-12-09 19:51:27,3043,10012,1,3592,15
1614877,2005-12-09 19:56:02,2005-12-09 20:12:48,3016,7011,1,2921,16
1614912,2005-12-09 19:48:21,2005-12-09 20:16:45,10005,10056,1,1978,28
1615019,2005-12-09 19:52:04,2005-12-09 20:25:22,10012,10012,1,393,33
1615061,2005-12-09 19:10:06,2005-12-09 20:15:54,10024,3043,1,5392,66
1615507,2005-12-09 20:26:04,2005-12-09 21:05:30,10012,10012,1,424,39
1615527,2005-12-09 20:37:11,2005-12-09 21:07:15,7001,10024,1,3032,17
1615529,2005-12-09 21:05:02,2005-12-09 21:07:21,3016,3016,1,72,2
1615642,2005-12-09 20:58:33,2005-12-09 21:06:05,7001,7001,1,1059,7
1615746,2005-12-09 21:10:52,2005-12-09 21:31:23,10005,10005,1,4103,20
1615809,2005-12-09 21:20:13,2005-12-09 21:25:13,3043,3043,1,108,4
1615848,2005-12-09 21:29:37,2005-12-09 21:31:26,7001,7001,1,137,1
1615898,2005-12-09 21:06:25,2005-12-09 21:48:59,10012,10012,1,389,42
1616018,2005-12-09 21:49:51,2005-12-09 21:49:51,10012,3043,1,3379,0
1617049,2005-12-10 00:08:28,2005-12-10 00:11:55,10012,10012,1,235,3
1617177,2005-12-09 19:27:34,2005-12-10 00:11:58,3043,3043,1,11938,284
1617704,2005-12-10 01:18:13,2005-12-10 01:24:45,3016,3016,1,151,6
1618579,2005-12-10 03:57:04,2005-12-10 04:08:50,10056,10012,1,2445,11
1618584,2005-12-10 03:57:48,2005-12-10 04:09:35,10056,10012,1,2460,11
1618660,2005-12-10 04:58:54,2005-12-10 05:03:50,7011,7011,1,139,2
1618811,2005-12-10 07:25:02,2005-12-10 07:45:06,7001,7011,1,1787,7
1619222,2005-12-10 09:44:03,2005-12-10 10:11:52,3043,10005,1,3950,14
1619488,2005-12-10 10:34:51,2005-12-10 10:48:48,10012,10005,1,3849,13
1619680,2005-12-10 11:01:14,2005-12-10 11:02:24,10024,7001,1,3117,1
1619823,2005-12-10 11:08:37,2005-12-10 11:20:34,7001,7001,1,1893,11
1619965,2005-12-10 11:30:22,2005-12-10 11:38:28,7001,7038,1,1086,8
1620134,2005-12-10 10:46:49,2005-12-10 12:08:05,10056,10056,1,3629,81
1620153,2005-12-10 11:51:44,2005-12-10 11:57:08,7038,7001,1,1149,5
1620172,2005-12-10 11:31:01,2005-12-10 11:58:59,3043,3043,1,2253,27
1620261,2005-12-10 11:29:27,2005-12-10 12:08:25,7001,7001,2,2445,38
1620411,2005-12-10 12:23:44,2005-12-10 12:23:44,7011,7001,1,1697,0
1620422,2005-12-10 12:17:01,2005-12-10 12:35:32,7001,3016,1,561,5
1620464,2005-12-10 12:15:10,2005-12-10 12:40:31,3043,7011,1,2620,11
1620471,2005-12-10 11:52:38,2005-12-10 12:41:18,10024,10024,1,8456,48
1620577,2005-12-10 12:26:01,2005-12-10 12:36:03,7001,3043,1,2105,10
1621185,2005-12-10 12:51:28,2005-12-10 13:45:53,3016,3016,1,1574,54
1621569,2005-12-10 14:27:21,2005-12-10 14:28:50,10024,10024,1,72,1
1621614,2005-12-10 14:31:42,2005-12-10 14:33:17,10024,10024,1,76,1
1621888,2005-12-10 14:55:12,2005-12-10 15:01:08,10005,10056,1,966,5
1621889,2005-12-10 14:55:59,2005-12-10 15:01:10,10005,10056,1,1964,5
1622284,2005-12-10 15:14:56,2005-12-10 15:34:34,7001,3016,1,594,6
1622681,2005-12-10 15:54:02,2005-12-10 15:55:55,7001,7001,1,59,1
1622745,2005-12-10 16:07:19,2005-12-10 16:13:40,10005,10056,1,971,6
1622766,2005-12-10 16:01:02,2005-12-10 16:03:02,7001,7001,1,57,1
1622933,2005-12-10 15:57:28,2005-12-10 16:28:34,10005,10056,1,5667,31
1622941,2005-12-10 16:12:50,2005-12-10 16:29:13,10064,10064,1,923,16
1622965,2005-12-10 16:25:33,2005-12-10 16:30:48,10005,10005,1,152,5
1622987,2005-12-10 16:10:57,2005-12-10 16:19:59,7001,7038,1,1224,9
1623023,2005-12-10 15:56:17,2005-12-10 16:35:52,10005,10005,1,4300,39
1623026,2005-12-10 15:54:30,2005-12-10 16:36:00,10005,10005,1,4597,41
1623029,2005-12-10 15:53:47,2005-12-10 16:36:06,10005,10005,1,4317,42
1623148,2005-12-10 16:39:34,2005-12-10 16:43:22,10056,10056,1,61,3
1623258,2005-12-10 16:41:19,2005-12-10 16:50:57,10056,10056,1,548,9
1623328,2005-12-10 15:00:37,2005-12-10 16:55:49,10024,10024,1,2796,115
1623416,2005-12-10 16:17:40,2005-12-10 16:49:51,7001,7001,1,1377,32
1623693,2005-12-10 16:35:20,2005-12-10 17:09:28,7001,7001,1,6272,34
1623744,2005-12-10 17:03:27,2005-12-10 17:12:53,10005,3043,1,3578,9
1623745,2005-12-10 17:04:43,2005-12-10 17:12:57,10005,3043,1,3562,8
1623992,2005-12-10 17:16:48,2005-12-10 17:41:24,10005,10005,1,2650,24
1624142,2005-12-10 17:43:12,2005-12-10 17:50:35,10005,10056,1,1008,7
1624250,2005-12-10 17:55:06,2005-12-10 17:58:15,10024,10024,1,53,3
1624266,2005-12-10 17:33:28,2005-12-10 17:59:26,7001,3016,1,2510,12
1624284,2005-12-10 15:43:14,2005-12-10 18:00:19,10005,10005,1,1271,136
1624296,2005-12-10 17:58:21,2005-12-10 18:01:09,10064,10012,1,569,2
1624389,2005-12-10 17:50:07,2005-12-10 18:07:43,7001,3016,1,553,4
1624652,2005-12-10 17:45:51,2005-12-10 18:15:30,3043,3043,1,4508,29
1624846,2005-12-10 18:38:35,2005-12-10 18:41:40,10005,10005,1,183,2
1624857,2005-12-10 18:38:34,2005-12-10 18:38:34,10024,3043,1,968,0
1624993,2005-12-10 17:50:43,2005-12-10 18:40:54,7001,7001,1,5498,50
1625787,2005-12-10 17:44:13,2005-12-10 19:44:19,7001,7001,1,6010,120
1626933,2005-12-10 21:31:43,2005-12-10 21:38:39,7001,7038,1,1057,6
1627447,2005-12-10 22:31:21,2005-12-10 22:58:04,3016,3016,1,198,26
1627489,2005-12-10 22:51:46,2005-12-10 22:51:46,7011,7038,1,940,0
1627725,2005-12-10 22:50:13,2005-12-10 23:25:44,7001,7001,1,1683,35
1627726,2005-12-10 22:50:52,2005-12-10 23:25:44,7001,7001,1,1680,34
1628234,2005-12-11 00:13:09,2005-12-11 00:37:04,7001,7011,1,1676,10
1628237,2005-12-11 00:10:31,2005-12-11 00:37:13,7001,7011,1,1715,13
1628242,2005-12-11 00:15:02,2005-12-11 00:24:28,7001,7038,1,1189,9
1628244,2005-12-11 00:18:49,2005-12-11 00:24:36,7001,7038,1,1052,5
1628245,2005-12-11 00:14:03,2005-12-11 00:24:41,7001,7038,1,1132,10
1628248,2005-12-11 00:14:30,2005-12-11 00:24:51,7001,7038,1,1048,10
1628282,2005-12-10 23:54:48,2005-12-11 00:28:56,3043,3043,1,5693,34
1628315,2005-12-11 00:28:47,2005-12-11 00:34:22,7001,7038,1,1058,5
1628482,2005-12-11 00:44:07,2005-12-11 01:07:08,7001,3016,1,576,10
1628585,2005-12-11 00:54:57,2005-12-11 01:20:38,3043,10012,1,2911,11
1628793,2005-12-11 01:31:05,2005-12-11 01:46:04,10056,10064,1,3595,14
1628927,2005-12-11 01:46:49,2005-12-11 02:04:32,7011,7011,1,1705,17
1628929,2005-12-11 01:49:30,2005-12-11 02:04:45,7011,7011,1,1629,15
1628930,2005-12-11 01:52:28,2005-12-11 02:04:50,7011,7011,1,1577,12
1629394,2005-12-11 03:45:00,2005-12-11 03:48:28,7038,7038,1,70,3
1629514,2005-12-11 04:32:15,2005-12-11 04:41:14,10005,10056,1,2282,8
1629567,2005-12-11 04:57:18,2005-12-11 05:03:58,10056,10056,1,2010,7
1629825,2005-12-11 09:31:46,2005-12-11 10:10:38,10005,10005,1,5656,38
1630194,2005-12-11 11:15:26,2005-12-11 11:24:13,10005,7001,1,4391,9
1630339,2005-12-11 11:50:54,2005-12-11 11:52:40,3043,3043,1,154,1
1630500,2005-12-11 12:10:06,2005-12-11 12:13:19,10056,3043,1,4146,3
1630796,2005-12-11 12:53:47,2005-12-11 12:59:09,3043,3043,1,168,5
1630847,2005-12-11 13:18:11,2005-12-11 13:20:28,3016,3016,1,76,2
1631051,2005-12-11 13:43:41,2005-12-11 13:43:41,10064,3043,1,2648,0
1631059,2005-12-11 13:49:15,2005-12-11 13:53:41,10005,10056,1,962,4
1631805,2005-12-11 15:27:26,2005-12-11 15:41:20,10056,10005,1,1011,13
1631892,2005-12-11 15:45:52,2005-12-11 15:50:36,10056,10005,1,972,4
1631924,2005-12-11 15:52:26,2005-12-11 15:54:51,7011,7011,1,112,2
1631949,2005-12-11 15:10:00,2005-12-11 15:56:51,10064,10064,1,6640,46
1631955,2005-12-11 15:06:55,2005-12-11 15:57:51,10064,10064,1,4972,50
1632209,2005-12-11 14:59:13,2005-12-11 16:08:10,7001,7001,1,8687,68
1632211,2005-12-11 14:56:26,2005-12-11 16:08:17,7001,7001,1,8895,71
1632277,2005-12-11 16:22:40,2005-12-11 16:27:46,10005,10056,1,1019,4
1632498,2005-12-11 16:21:09,2005-12-11 16:50:36,10056,10005,1,3421,29
1632501,2005-12-11 16:44:03,2005-12-11 16:51:41,10056,10005,1,1057,7
1632574,2005-12-11 16:14:27,2005-12-11 16:59:37,10056,10056,1,1710,45
1632825,2005-12-11 16:25:13,2005-12-11 17:06:58,7001,7001,1,3725,41
1633061,2005-12-11 17:40:27,2005-12-11 17:41:28,10056,10056,1,1637,1
1633138,2005-12-11 17:40:37,2005-12-11 17:49:24,3016,3016,1,1057,8
1633452,2005-12-11 17:50:20,2005-12-11 18:19:51,10005,10005,1,4489,29
1633455,2005-12-11 17:47:38,2005-12-11 18:19:56,7001,10024,1,4257,18
1633537,2005-12-11 18:27:38,2005-12-11 18:27:38,3016,7001,1,582,0
1633594,2005-12-11 18:21:29,2005-12-11 18:36:23,3016,3016,1,2309,14
1635003,2005-12-11 22:13:31,2005-12-11 22:32:01,10005,10005,1,3979,18
1635096,2005-12-11 23:03:28,2005-12-11 23:13:33,3016,3016,1,2660,9
1635326,2005-12-11 23:40:23,2005-12-11 23:54:09,3016,3016,1,286,13
1635415,2005-12-11 23:29:38,2005-12-12 00:26:16,10005,7011,1,5481,56
1636028,2005-12-12 08:08:54,2005-12-12 08:19:37,10056,10064,1,3117,10
1636863,2005-12-12 08:54:41,2005-12-12 09:43:10,3016,3016,1,3060,48
1636974,2005-12-12 09:37:47,2005-12-12 09:59:20,3016,10056,1,4755,21
1637616,2005-12-12 11:25:41,2005-12-12 11:33:27,7038,7001,1,1136,7
1637639,2005-12-12 11:45:46,2005-12-12 11:45:46,3016,7001,1,561,0
1637688,2005-12-12 11:40:26,2005-12-12 11:58:28,7001,3016,1,567,4
1638149,2005-12-12 12:21:30,2005-12-12 12:30:53,7001,3043,1,2089,9
1638238,2005-12-12 12:51:37,2005-12-12 12:53:12,10056,10056,1,89,1
1638431,2005-12-12 13:09:34,2005-12-12 13:11:53,7011,7011,1,53,2
1638543,2005-12-12 13:21:26,2005-12-12 13:22:50,7011,7011,1,55,1
1638578,2005-12-12 13:13:23,2005-12-12 13:13:23,10064,3043,1,2788,0
1638616,2005-12-12 13:27:27,2005-12-12 13:28:49,7011,7011,1,66,1
1638749,2005-12-12 13:26:25,2005-12-12 13:39:55,10056,10005,1,1440,13
1638963,2005-12-12 13:39:29,2005-12-12 13:47:45,7001,7038,1,1073,8
1639317,2005-12-12 14:26:18,2005-12-12 14:29:41,10056,10005,1,964,3
1639908,2005-12-12 14:45:58,2005-12-12 15:20:13,7038,7001,1,2936,33
1640058,2005-12-12 11:43:14,2005-12-12 15:49:31,10005,10005,1,3678,246
1640065,2005-12-12 15:34:44,2005-12-12 15:50:16,10012,10056,1,2932,15
1640343,2005-12-12 16:07:15,2005-12-12 16:20:55,3016,3016,1,1634,13
1640572,2005-12-12 16:17:05,2005-12-12 16:26:13,3043,3043,1,1936,9
1640675,2005-12-12 16:23:15,2005-12-12 16:49:53,3043,3016,1,2524,12
1640806,2005-12-12 16:42:14,2005-12-12 16:50:12,7038,7001,1,1151,7
1640898,2005-12-12 16:54:14,2005-12-12 17:11:48,10064,10064,1,1789,17
1641395,2005-12-12 17:25:11,2005-12-12 17:47:09,10012,10056,1,2830,21
1641582,2005-12-12 17:44:44,2005-12-12 17:59:21,10005,3016,1,3745,14
1641673,2005-12-12 17:54:34,2005-12-12 17:54:34,7011,7001,1,1675,0
1641999,2005-12-12 18:11:43,2005-12-12 18:11:43,3016,3043,1,2497,0
1642247,2005-12-12 02:12:10,2005-12-12 18:38:06,3016,10064,1,3851,15
1642392,2005-12-12 18:43:02,2005-12-12 18:45:44,10064,10064,2,492,2
1642983,2005-12-12 19:17:27,2005-12-12 19:24:16,10012,10064,1,1302,6
1643072,2005-12-12 19:11:54,2005-12-12 19:17:35,7001,7038,1,1069,5
1643391,2005-12-12 19:40:02,2005-12-12 19:42:31,7001,7001,1,387,2
1643426,2005-12-12 19:42:43,2005-12-12 20:00:32,10056,10005,1,890,17
1643605,2005-12-12 20:01:48,2005-12-12 20:14:23,10024,10024,1,2372,12
1644005,2005-12-12 20:33:05,2005-12-12 20:55:31,7001,7011,1,1592,8
1644006,2005-12-12 20:33:37,2005-12-12 20:55:32,7001,7011,1,1627,8
1644381,2005-12-12 22:00:37,2005-12-12 22:09:48,7011,7011,1,1770,9
1644438,2005-12-12 22:17:42,2005-12-12 22:17:42,7011,7001,1,1563,0
1644850,2005-12-13 00:21:38,2005-12-13 00:21:38,10005,3043,1,3678,0
1645071,2005-12-13 02:50:12,2005-12-13 02:56:32,7001,7038,1,1126,6
1645807,2005-12-13 08:19:34,2005-12-13 08:21:48,7001,7001,1,101,2
1646168,2005-12-13 08:57:37,2005-12-13 09:01:44,10005,10056,1,955,4
1646429,2005-12-13 08:59:25,2005-12-13 09:18:12,7001,3016,1,643,4
1646581,2005-12-13 08:55:07,2005-12-13 09:30:01,7001,10005,1,4210,20
1646710,2005-12-13 09:21:27,2005-12-13 09:44:34,3016,10005,1,5406,23
1647072,2005-12-13 10:05:58,2005-12-13 10:34:20,3043,3016,1,2636,13
1647832,2005-12-13 12:14:53,2005-12-13 12:19:42,10005,10056,1,979,4
1648070,2005-12-13 12:29:24,2005-12-13 12:36:46,10005,10056,1,983,7
1648671,2005-12-13 13:28:24,2005-12-13 13:28:24,7011,7001,1,1709,0
1648673,2005-12-13 13:25:12,2005-12-13 13:25:12,7011,7001,1,1740,0
1648783,2005-12-13 13:41:15,2005-12-13 13:49:13,10024,10064,1,1541,7
1648881,2005-12-13 13:54:52,2005-12-13 13:59:55,10005,10056,1,968,4
1649021,2005-12-13 13:53:24,2005-12-13 14:11:59,3016,10005,1,3763,18
1649700,2005-12-13 15:15:30,2005-12-13 15:29:27,10024,10024,1,2383,13
1650374,2005-12-13 15:02:40,2005-12-13 16:25:40,7011,3043,1,2644,83
1650576,2005-12-13 16:42:18,2005-12-13 16:50:50,10012,10024,1,2021,8
1650584,2005-12-13 16:44:28,2005-12-13 16:58:44,3016,3016,1,1090,14
1650586,2005-12-13 16:56:17,2005-12-13 16:58:49,3016,3016,1,78,2
1650824,2005-12-13 16:59:43,2005-12-13 17:16:02,3016,3016,1,2238,15
1650893,2005-12-13 17:13:57,2005-12-13 17:21:32,3016,3016,1,932,7
1650975,2005-12-13 17:23:22,2005-12-13 17:23:22,3016,7001,1,580,0
1651497,2005-12-13 17:45:05,2005-12-13 18:01:56,3016,10024,1,3354,16
1651772,2005-12-13 18:03:23,2005-12-13 18:04:13,3043,3043,1,863,1
1652784,2005-12-13 19:02:59,2005-12-13 19:21:26,10005,3016,2,3933,18
1652794,2005-12-13 18:47:12,2005-12-13 19:21:34,7011,7011,1,4608,34
1652872,2005-12-13 18:19:58,2005-12-13 19:28:29,10012,10012,1,613,68
1653119,2005-12-13 19:27:59,2005-12-13 19:45:43,7001,3016,1,576,3
1653162,2005-12-13 18:58:19,2005-12-13 19:48:59,3016,3016,1,1751,50
1653509,2005-12-13 19:55:28,2005-12-13 20:16:30,3016,10005,1,3936,20
1653753,2005-12-13 20:15:57,2005-12-13 20:26:28,3043,7001,1,2074,9
1653856,2005-12-13 20:24:28,2005-12-13 20:36:30,7001,3043,1,2620,12
1654039,2005-12-13 21:16:06,2005-12-13 21:16:06,3016,7001,1,584,0
1654707,2005-12-13 23:41:54,2005-12-14 00:00:46,10064,7011,1,4714,18
1655192,2005-12-14 02:38:54,2005-12-14 02:55:10,3016,10056,1,4040,16
1655398,2005-12-14 07:04:10,2005-12-14 07:20:28,10064,10005,1,4122,16
1655540,2005-12-14 07:36:58,2005-12-14 07:59:23,7001,7011,1,1854,7
1655712,2005-12-14 07:51:41,2005-12-14 08:12:06,10024,10005,1,5689,20
1655726,2005-12-14 08:04:23,2005-12-14 08:13:27,10056,10012,1,2533,8
1656259,2005-12-14 08:43:50,2005-12-14 09:02:01,3016,10005,1,3713,18
1656473,2005-12-14 08:54:16,2005-12-14 09:02:17,7038,7001,1,1132,7
1657053,2005-12-14 10:31:22,2005-12-14 10:32:53,10012,10012,1,68,1
1657747,2005-12-14 12:15:16,2005-12-14 12:20:36,10012,10012,1,754,5
1657827,2005-12-14 12:02:50,2005-12-14 12:14:11,10056,7001,1,5315,11
1658185,2005-12-14 12:35:52,2005-12-14 12:54:58,3016,3016,1,2856,19
1658935,2005-12-14 13:42:46,2005-12-14 14:05:56,7001,7011,1,2121,8
1659166,2005-12-14 13:40:26,2005-12-14 14:23:38,7001,10056,1,5524,28
1659440,2005-12-14 14:35:56,2005-12-14 14:54:41,7001,3016,1,575,4
1659526,2005-12-14 14:53:35,2005-12-14 14:53:35,7011,7001,1,1885,0
1659998,2005-12-14 15:25:45,2005-12-14 15:36:30,7001,3043,1,2223,11
1660564,2005-12-14 16:41:33,2005-12-14 16:44:50,10012,10064,1,565,3
1660615,2005-12-14 16:46:02,2005-12-14 16:46:02,3016,7001,1,593,0
1660676,2005-12-14 16:34:43,2005-12-14 16:55:03,10064,3016,1,4307,20
1660877,2005-12-14 16:41:39,2005-12-14 16:58:58,7001,7001,1,1019,17
1660880,2005-12-14 16:44:21,2005-12-14 16:59:05,7001,7001,1,983,14
1661307,2005-12-14 17:28:08,2005-12-14 17:46:15,3016,10064,1,3895,18
1661341,2005-12-14 17:31:51,2005-12-14 17:47:40,3016,3016,1,2787,15
1661613,2005-12-14 17:41:14,2005-12-14 17:50:47,3043,3043,1,926,9
1661726,2005-12-14 17:31:03,2005-12-14 18:12:00,7011,7011,1,2869,40
1661813,2005-12-14 18:10:44,2005-12-14 18:17:54,10056,10005,1,1214,7
1661901,2005-12-14 17:16:49,2005-12-14 18:08:13,7001,7001,1,1894,51
1662135,2005-12-14 18:33:43,2005-12-14 18:36:56,10005,10056,1,958,3
1662340,2005-12-14 18:30:12,2005-12-14 18:48:12,10005,3016,1,3789,17
1662822,2005-12-14 18:44:50,2005-12-14 19:17:12,10012,10056,1,2967,32
1663306,2005-12-14 19:40:52,2005-12-14 19:51:33,7011,3016,1,2241,10
1663415,2005-12-14 19:18:45,2005-12-14 19:43:34,7038,7001,1,2578,24
1663517,2005-12-14 19:37:26,2005-12-14 19:49:48,7001,3043,1,2641,12
1663808,2005-12-14 20:05:30,2005-12-14 20:11:28,7038,7038,1,1013,5
1663838,2005-12-14 20:05:57,2005-12-14 20:14:12,7038,7001,1,1124,7
1663878,2005-12-14 19:59:36,2005-12-14 20:32:08,7001,10024,1,3558,17
1663886,2005-12-14 20:14:41,2005-12-14 20:18:27,7038,7001,1,1145,3
1664126,2005-12-14 20:26:31,2005-12-14 20:42:25,7001,7001,1,2248,15
1664244,2005-12-14 20:44:49,2005-12-14 20:58:37,7001,7001,1,1017,13
1664282,2005-12-14 21:14:08,2005-12-14 21:14:08,3016,7001,1,599,0
1664495,2005-12-14 21:35:58,2005-12-14 21:41:30,7001,7038,1,1095,5
1664496,2005-12-14 21:36:40,2005-12-14 21:41:38,7001,7038,1,1069,5
1664541,2005-12-14 21:26:18,2005-12-14 21:51:16,7001,7001,1,4160,24
1664543,2005-12-14 21:30:25,2005-12-14 21:51:16,7001,7001,1,4066,20
1664714,2005-12-14 22:29:43,2005-12-14 22:29:43,10024,7001,1,2882,0
1665298,2005-12-15 00:37:28,2005-12-15 00:51:12,3043,7001,1,2805,12
1665300,2005-12-15 00:38:09,2005-12-15 00:51:22,3043,7001,1,2828,12
1665531,2005-12-15 01:56:00,2005-12-15 01:58:38,7001,7001,1,126,2
1665680,2005-12-15 03:03:43,2005-12-15 03:25:36,10056,10056,1,2137,21
1665683,2005-12-15 03:08:35,2005-12-15 03:26:42,10056,10056,1,105,17
1665741,2005-12-15 02:24:06,2005-12-15 04:03:24,7001,7001,1,1835,99
1665748,2005-12-15 04:02:58,2005-12-15 04:22:53,10064,3016,1,4784,19
1665750,2005-12-15 04:03:35,2005-12-15 04:23:14,10064,3016,1,4810,19
1666090,2005-12-15 07:39:42,2005-12-15 07:46:35,7038,7001,1,1159,6
1666149,2005-12-15 08:04:52,2005-12-15 08:06:43,7011,7011,1,72,1
1666263,2005-12-15 08:05:25,2005-12-15 08:14:19,10056,10012,1,2557,8
1666484,2005-12-15 08:31:25,2005-12-15 08:32:30,3016,3016,1,1359,1
1666533,2005-12-15 08:27:06,2005-12-15 08:37:31,10012,10012,1,61,10
1666712,2005-12-15 08:33:08,2005-12-15 08:51:57,3016,10005,1,3726,18
1666967,2005-12-15 08:51:15,2005-12-15 08:53:02,7001,7001,1,99,1
1668186,2005-12-15 11:09:35,2005-12-15 11:23:10,10012,10056,1,3019,13
1668324,2005-12-15 11:31:32,2005-12-15 11:31:32,7011,7001,1,1956,0
1668424,2005-12-15 11:39:00,2005-12-15 11:51:35,7011,7011,2,114,12
1669030,2005-12-15 11:40:40,2005-12-15 12:32:43,7001,7001,1,6245,51
1670083,2005-12-15 13:50:56,2005-12-15 13:56:14,7001,7038,1,1058,5
1670672,2005-12-15 14:46:43,2005-12-15 14:57:46,10012,10056,1,3595,10
1670748,2005-12-15 14:20:33,2005-12-15 15:04:26,10056,10056,1,1314,43
1670824,2005-12-15 15:04:03,2005-12-15 15:12:20,10024,10012,1,2070,8
1670942,2005-12-15 15:10:04,2005-12-15 15:22:26,10056,10012,1,3039,12
1671215,2005-12-15 15:19:22,2005-12-15 15:30:58,7001,7038,1,1393,11
1671367,2005-12-15 15:50:31,2005-12-15 16:00:07,10012,10024,1,2331,9
1671490,2005-12-15 15:01:52,2005-12-15 15:55:03,7038,7001,1,1197,52
1671791,2005-12-15 16:15:38,2005-12-15 16:18:10,7001,7001,1,586,2
1671828,2005-12-15 16:24:04,2005-12-15 16:35:22,3016,3016,1,2080,11
1671857,2005-12-15 16:07:41,2005-12-15 16:22:50,7001,7001,1,1352,15
1672308,2005-12-15 16:49:06,2005-12-15 17:07:39,10012,10024,1,3050,14
1672777,2005-12-15 17:33:34,2005-12-15 17:37:33,10056,10005,1,962,3
1672914,2005-12-15 17:21:05,2005-12-15 17:28:54,7001,7038,1,1043,8
1673388,2005-12-15 17:47:43,2005-12-15 17:54:50,7001,7038,1,1069,7
1673415,2005-12-15 17:48:07,2005-12-15 17:55:50,7001,7038,1,1056,7
1673531,2005-12-15 17:51:39,2005-12-15 18:16:38,3016,10056,1,4698,24
1673573,2005-12-15 17:58:48,2005-12-15 18:03:50,7038,7001,1,1138,4
1673790,2005-12-15 18:09:36,2005-12-15 18:14:34,7001,7038,1,1191,5
1673950,2005-12-15 18:26:44,2005-12-15 18:39:01,10012,10056,1,2618,12
1674149,2005-12-15 18:08:26,2005-12-15 18:48:12,3016,10064,1,5248,39
1674286,2005-12-15 18:28:21,2005-12-15 18:41:05,7001,7001,1,756,12
1674318,2005-12-15 18:34:33,2005-12-15 18:42:27,7038,7001,1,1138,7
1674492,2005-12-15 18:38:18,2005-12-15 19:07:45,3043,3016,1,2622,13
1674612,2005-12-15 18:54:50,2005-12-15 19:14:07,10005,3016,1,3807,19
1674662,2005-12-15 18:02:54,2005-12-15 19:16:44,10024,10024,1,5464,73
1675168,2005-12-15 19:34:02,2005-12-15 19:34:02,3016,3043,1,2565,0
1675320,2005-12-15 19:47:37,2005-12-15 19:47:37,3016,3043,1,2629,0
1675432,2005-12-15 20:02:19,2005-12-15 20:06:29,10005,10056,1,958,4
1675468,2005-12-15 19:40:56,2005-12-15 20:09:09,3043,10012,1,3593,12
1675480,2005-12-15 19:51:19,2005-12-15 20:10:33,7001,3016,1,599,3
1675785,2005-12-15 20:29:28,2005-12-15 20:32:01,3016,3016,1,66,2
1675998,2005-12-15 20:09:46,2005-12-15 20:46:32,10012,10012,1,332,36
1676436,2005-12-15 21:35:18,2005-12-15 21:35:18,3016,7001,1,580,0
1676673,2005-12-15 22:11:02,2005-12-15 22:11:02,10064,3043,1,2387,0
1676838,2005-12-15 19:48:46,2005-12-15 22:32:22,7001,7001,1,3578,163
1676844,2005-12-15 22:39:03,2005-12-15 22:39:03,10064,3043,1,2388,0
1677018,2005-12-15 22:43:46,2005-12-15 23:20:29,3016,3016,1,2819,36
1677450,2005-12-15 23:51:08,2005-12-16 00:25:14,3016,10056,1,4890,34
1677795,2005-12-16 01:21:16,2005-12-16 01:23:10,3016,3016,1,74,1
1677846,2005-12-16 01:15:37,2005-12-16 01:32:41,10012,10056,1,2567,16
1677937,2005-12-16 01:29:14,2005-12-16 01:32:36,7001,7038,1,1069,3
1677938,2005-12-16 01:28:28,2005-12-16 01:32:45,7001,7038,1,1063,4
1678212,2005-12-16 02:32:43,2005-12-16 03:00:15,10056,10056,1,4549,27
1678229,2005-12-16 02:48:15,2005-12-16 02:50:36,7001,7001,1,112,2
1678337,2005-12-16 03:09:44,2005-12-16 03:16:26,7001,7038,1,1266,6
1678857,2005-12-16 07:37:53,2005-12-16 07:42:55,7038,7001,1,1136,4
1679118,2005-12-16 08:02:40,2005-12-16 08:04:34,3043,3043,1,120,1
1679123,2005-12-16 08:12:33,2005-12-16 08:21:28,10056,10012,1,2543,8
1679536,2005-12-16 08:35:03,2005-12-16 08:54:59,7001,3016,1,574,4
1679888,2005-12-16 08:49:29,2005-12-16 09:14:58,3016,10056,1,5052,25
1680238,2005-12-16 09:54:40,2005-12-16 09:59:24,10005,10056,1,979,4
1680295,2005-12-16 10:03:16,2005-12-16 10:06:27,3016,3016,1,57,3
1680537,2005-12-16 10:04:31,2005-12-16 10:40:09,10012,10012,1,1998,35
1680567,2005-12-16 10:24:17,2005-12-16 10:30:22,7038,7001,1,1144,5
1680663,2005-12-16 10:54:40,2005-12-16 10:54:40,3016,7001,1,573,0
1680800,2005-12-16 09:37:59,2005-12-16 11:22:41,3043,7011,1,2652,88
1680810,2005-12-16 11:01:25,2005-12-16 11:24:40,10056,10056,1,3050,23
1680913,2005-12-16 11:29:07,2005-12-16 11:29:07,7011,7038,1,1520,0
1681156,2005-12-16 12:06:06,2005-12-16 12:08:06,3016,3016,1,59,1
1681177,2005-12-16 11:57:05,2005-12-16 12:10:05,10024,3016,1,3236,12
1681288,2005-12-14 20:14:15,2005-12-16 12:22:47,10064,10064,1,960,2407
1681409,2005-12-16 12:17:43,2005-12-16 12:17:43,3016,3043,1,2856,0
1681683,2005-12-16 12:39:49,2005-12-16 12:54:08,10005,10024,1,5767,14
1681827,2005-12-16 12:34:31,2005-12-16 13:05:30,10056,10056,1,6988,30
1681841,2005-12-16 13:01:16,2005-12-16 13:01:16,3016,7001,1,586,0
1681846,2005-12-16 12:58:19,2005-12-16 13:06:59,10012,10056,1,2812,8
1681994,2005-12-16 12:29:14,2005-12-16 13:05:15,7001,7001,1,4138,35
1682078,2005-12-16 13:14:30,2005-12-16 13:31:01,10012,10056,1,3097,16
1682081,2005-12-16 13:13:43,2005-12-16 13:31:11,10012,10056,1,3164,17
1682173,2005-12-16 13:38:49,2005-12-16 13:42:35,10056,10005,1,962,3
1682292,2005-12-16 13:32:46,2005-12-16 13:38:49,7001,7038,1,1225,6
1682386,2005-12-16 13:42:40,2005-12-16 13:48:03,7001,7038,1,1029,5
1682546,2005-12-16 14:11:17,2005-12-16 14:15:09,10056,10005,1,954,3
1682817,2005-12-16 13:57:35,2005-12-16 14:39:39,3043,3016,1,3743,25
1682920,2005-12-16 14:44:03,2005-12-16 14:50:54,10005,10056,1,957,6
1683094,2005-12-16 14:45:37,2005-12-16 15:08:46,7001,3016,1,362,3
1683215,2005-12-16 15:00:27,2005-12-16 15:05:29,7038,7001,1,1029,5
1683552,2005-12-16 15:56:35,2005-12-16 16:00:44,10056,10005,1,962,4
1683714,2005-12-16 16:04:34,2005-12-16 16:14:09,7001,7038,1,1201,9
1683989,2005-12-16 16:54:24,2005-12-16 17:05:54,10056,10056,1,1940,11
1684061,2005-12-16 16:46:10,2005-12-16 17:14:57,10005,10005,1,4788,28
1684416,2005-12-16 17:49:07,2005-12-16 17:50:34,10056,10056,1,51,1
1684821,2005-12-16 17:13:12,2005-12-16 18:23:23,3016,3016,1,4659,70
1685338,2005-12-16 18:38:42,2005-12-16 18:54:19,7001,7001,1,2110,15
1685443,2005-12-16 19:11:05,2005-12-16 19:23:35,10056,10064,1,2841,12
1685861,2005-12-16 19:29:23,2005-12-16 20:00:39,3043,3043,1,2291,31
1685914,2005-12-16 20:01:53,2005-12-16 20:22:21,7001,3016,1,622,4
1686026,2005-12-16 20:29:33,2005-12-16 20:29:33,3016,7001,1,613,0
1686104,2005-12-16 20:25:07,2005-12-16 20:26:44,7001,7001,1,63,1
1686224,2005-12-16 20:38:23,2005-12-16 20:40:19,7001,7001,1,55,1
1686255,2005-12-16 20:39:41,2005-12-16 21:00:21,7038,7011,1,876,4
1686479,2005-12-16 21:19:48,2005-12-16 21:22:12,7001,7001,1,53,2
1686610,2005-12-16 22:04:41,2005-12-16 22:08:48,7011,7011,1,901,4
1686646,2005-12-16 19:08:38,2005-12-16 22:00:49,7001,7001,1,1953,172
1686762,2005-12-16 22:27:53,2005-12-16 22:33:23,7001,7038,1,1109,5
1686825,2005-12-16 22:56:21,2005-12-16 23:01:35,10056,10005,1,985,5
1687022,2005-12-16 23:30:37,2005-12-16 23:36:57,10005,10056,1,976,6
1687098,2005-12-16 23:22:55,2005-12-16 23:29:40,7038,7001,1,1136,6
1687099,2005-12-16 23:21:53,2005-12-16 23:29:55,7038,7001,1,1164,7
1687128,2005-12-16 23:24:35,2005-12-16 23:34:37,7038,7038,1,1263,9
1687220,2005-12-17 00:04:12,2005-12-17 00:06:23,3016,3016,1,95,2
1687786,2005-12-17 01:19:06,2005-12-17 01:31:25,10024,10064,1,2684,12
1687964,2005-12-17 01:42:47,2005-12-17 02:00:11,10056,3016,1,5393,17
1688262,2005-12-17 02:59:47,2005-12-17 03:11:12,10012,10056,1,2452,11
1688525,2005-12-17 03:33:43,2005-12-17 04:24:50,7001,10005,1,4092,35
1688566,2005-12-17 04:20:11,2005-12-17 04:24:21,7001,7038,1,1183,4
1688992,2005-12-17 08:55:59,2005-12-17 09:05:07,7038,7001,1,1128,8
1689092,2005-12-17 09:03:11,2005-12-17 09:33:16,7038,7038,1,7896,29
1689613,2005-12-17 10:47:34,2005-12-17 10:48:52,10024,7001,1,3634,1
1689619,2005-12-17 10:45:48,2005-12-17 10:49:20,10024,7001,1,3610,4
1689686,2005-12-17 11:01:18,2005-12-17 11:11:58,10024,10012,1,2236,10
1689860,2005-12-17 11:20:04,2005-12-17 11:29:26,10056,10056,1,1487,9
1689947,2005-12-17 11:17:09,2005-12-17 11:37:20,10024,10024,1,2136,20
1690253,2005-12-17 11:44:54,2005-12-17 11:50:58,7038,7001,1,1159,5
1690385,2005-12-17 12:14:55,2005-12-17 12:20:18,10005,10056,1,975,5
1690409,2005-12-17 11:27:58,2005-12-17 12:06:38,7038,7038,1,2905,38
1690546,2005-12-17 12:06:41,2005-12-17 12:20:35,7001,7001,1,761,13
1690719,2005-12-17 12:34:04,2005-12-17 12:51:04,3016,10024,1,3507,17
1691302,2005-12-17 13:31:04,2005-12-17 13:31:04,7011,7001,1,2842,0
1691321,2005-12-17 13:43:51,2005-12-17 13:47:06,7011,7011,1,53,3
1692089,2005-12-17 14:36:11,2005-12-17 14:40:00,7001,7038,1,1054,4
1692280,2005-12-17 13:28:04,2005-12-17 14:56:43,7001,7001,1,2658,88
1692463,2005-12-17 15:21:51,2005-12-17 15:27:08,10056,10005,1,5,1
1692678,2005-12-17 15:29:15,2005-12-17 15:44:19,3016,10005,1,3665,15
1693179,2005-12-17 16:12:09,2005-12-17 16:24:32,10024,3016,1,3192,12
1693273,2005-12-17 16:27:23,2005-12-17 16:33:15,10064,10064,1,516,5
1693295,2005-12-17 16:12:01,2005-12-17 16:35:51,10005,10056,1,4281,23
1693303,2005-12-17 16:32:53,2005-12-17 16:36:19,7011,7011,1,72,3
1693360,2005-12-17 16:27:12,2005-12-17 16:41:17,3016,3016,1,2230,13
1693501,2005-12-17 16:27:27,2005-12-17 16:35:59,7038,7038,1,1272,8
1693580,2005-12-17 16:39:18,2005-12-17 16:56:52,10024,3016,1,3528,17
1693888,2005-12-17 16:55:27,2005-12-17 17:01:45,7038,7001,1,1166,5
1694066,2005-12-17 17:13:01,2005-12-17 17:30:30,10012,10056,1,2748,17
1694172,2005-12-17 17:33:46,2005-12-17 17:37:08,7011,7011,1,299,3
1694412,2005-12-17 14:42:28,2005-12-17 17:52:23,10064,10064,1,9196,189
1694417,2005-12-17 14:43:10,2005-12-17 17:52:44,10064,10064,1,3988,189
1694498,2005-12-17 17:19:43,2005-12-17 17:59:09,7001,10024,1,3416,23
1694859,2005-12-17 18:24:53,2005-12-17 18:28:55,3016,3016,1,269,3
1694943,2005-12-17 18:15:36,2005-12-17 18:17:25,3043,3043,1,120,1
1695094,2005-12-17 18:16:25,2005-12-17 18:32:33,7001,7001,1,1695,16
1695511,2005-12-17 19:09:42,2005-12-17 19:14:05,7001,7001,1,68,4
1695600,2005-12-17 19:16:33,2005-12-17 19:39:23,10005,10056,1,4748,22
1695603,2005-12-17 19:05:23,2005-12-17 19:39:25,3016,3016,1,3523,33
1695948,2005-12-17 19:38:12,2005-12-17 19:58:20,7001,7001,1,1239,20
1696385,2005-12-17 20:40:06,2005-12-17 21:15:23,10056,10056,1,6346,35
1696392,2005-12-17 21:05:03,2005-12-17 21:16:05,10064,10064,1,1539,10
1696752,2005-12-17 22:11:58,2005-12-17 22:15:48,7001,7038,1,1067,4
1697054,2005-12-17 23:35:50,2005-12-17 23:37:37,3043,3043,1,57,1
1697105,2005-12-17 23:37:55,2005-12-17 23:50:12,7001,3043,1,2987,12
1697286,2005-12-18 00:29:45,2005-12-18 00:44:07,10056,10012,1,2400,14
1697569,2005-12-18 01:06:50,2005-12-18 01:12:41,7001,7038,1,1172,6
1697574,2005-12-18 01:07:32,2005-12-18 01:13:50,7001,7038,1,1075,6
1697939,2005-12-18 02:23:13,2005-12-18 02:28:13,7001,7038,1,1205,5
1698026,2005-12-18 03:04:36,2005-12-18 03:04:36,3016,7038,1,1677,0
1698108,2005-12-18 03:34:55,2005-12-18 03:36:24,7011,7011,1,55,1
1698710,2005-12-18 10:03:11,2005-12-18 10:23:51,7011,7011,1,2526,20
1698863,2005-12-18 10:39:52,2005-12-18 10:59:49,7001,3016,1,578,3
1698938,2005-12-18 10:47:12,2005-12-18 11:12:10,7001,7011,1,1802,8
1699035,2005-12-18 11:09:32,2005-12-18 11:11:24,7001,7001,1,66,1
1699481,2005-12-18 12:20:53,2005-12-18 12:30:44,3016,3016,1,693,9
1699837,2005-12-18 13:11:42,2005-12-18 13:24:48,10024,10012,1,2008,12
1700030,2005-12-18 13:33:49,2005-12-18 13:54:37,10056,10005,1,2728,20
1700221,2005-12-18 13:52:40,2005-12-18 14:03:35,7001,7001,1,2883,10
1700321,2005-12-18 14:29:49,2005-12-18 14:33:41,10005,10056,1,962,3
1700799,2005-12-18 15:15:16,2005-12-18 15:16:22,7011,3043,1,2859,1
1700800,2005-12-18 15:13:06,2005-12-18 15:16:48,3043,3043,1,101,3
1701257,2005-12-18 15:15:22,2005-12-18 16:22:21,10005,10005,1,5615,66
1701262,2005-12-18 15:18:56,2005-12-18 16:22:42,10005,10005,1,6068,63
1701568,2005-12-18 16:10:01,2005-12-18 16:36:11,3043,3043,1,2162,26
1702513,2005-12-18 18:25:49,2005-12-18 18:29:57,7001,7038,1,1061,4
1702793,2005-12-18 19:11:28,2005-12-18 19:20:28,10064,10064,1,1570,8
1703448,2005-12-18 21:00:07,2005-12-18 21:01:54,3016,3016,1,108,1
1703494,2005-12-18 21:03:23,2005-12-18 21:11:31,3016,3016,1,1558,8
1703569,2005-12-18 21:04:25,2005-12-18 21:11:46,7038,7038,1,1354,7
1704186,2005-12-19 01:10:31,2005-12-19 01:13:29,3016,3016,1,61,2
1704382,2005-12-19 04:11:29,2005-12-19 04:14:38,7001,7001,1,185,3
1704610,2005-12-19 07:51:29,2005-12-19 07:52:48,7001,7001,1,53,1
1704729,2005-12-19 08:12:53,2005-12-19 08:27:03,10024,10056,1,3507,14
1705130,2005-12-19 08:49:36,2005-12-19 08:51:22,7001,7001,1,147,1
1705218,2005-12-19 08:52:18,2005-12-19 09:14:07,7001,3016,1,580,5
1705268,2005-12-19 08:45:42,2005-12-19 09:17:03,7001,10024,1,2898,14
1706126,2005-12-19 10:52:55,2005-12-19 11:00:05,7038,7001,1,1140,6
1706714,2005-12-19 12:30:34,2005-12-19 12:30:34,3016,7001,1,578,0
1706791,2005-12-19 12:07:34,2005-12-19 12:24:16,7001,7001,1,2546,16
1706912,2005-12-19 12:48:46,2005-12-19 12:51:23,3016,3016,1,112,2
1706929,2005-12-19 12:25:50,2005-12-19 12:35:17,7001,3043,1,2081,9
1706997,2005-12-19 12:34:05,2005-12-19 12:58:21,3043,10024,1,948,6
1707238,2005-12-19 12:46:55,2005-12-19 13:21:35,3043,10056,1,4013,16
1707341,2005-12-19 13:15:28,2005-12-19 13:17:40,7001,7001,1,78,2
1707553,2005-12-19 13:01:03,2005-12-19 13:56:51,3016,3016,1,9199,55
1708136,2005-12-19 14:25:15,2005-12-19 14:27:26,7001,7001,1,86,2
1708169,2005-12-19 14:23:58,2005-12-19 14:30:27,7001,7038,1,1095,6
1708369,2005-12-19 14:43:17,2005-12-19 14:49:41,7038,7001,1,1182,5
1708819,2005-12-19 15:20:45,2005-12-19 15:32:46,7001,3043,1,2043,12
1708870,2005-12-19 15:21:45,2005-12-19 15:56:09,3016,3016,1,3738,34
1708955,2005-12-19 15:45:54,2005-12-19 15:48:40,7001,7001,1,191,2
1709193,2005-12-19 16:23:11,2005-12-19 16:23:11,3016,7001,1,570,0
1709380,2005-12-19 16:22:34,2005-12-19 16:26:08,7001,7001,1,99,3
1709462,2005-12-19 16:44:01,2005-12-19 16:51:14,10056,10005,1,964,7
1709626,2005-12-19 16:27:23,2005-12-19 17:04:47,7001,3016,1,908,20
1710728,2005-12-19 18:17:24,2005-12-19 18:17:24,3016,7001,1,548,0
1710862,2005-12-19 18:30:05,2005-12-19 18:33:37,10005,10056,1,962,3
1710936,2005-12-19 18:28:16,2005-12-19 18:28:16,10024,3043,1,996,0
1711374,2005-12-19 18:42:32,2005-12-19 18:46:40,7001,7038,1,1056,4
1712022,2005-12-19 19:23:07,2005-12-19 19:34:36,7001,7038,1,2358,11
1713070,2005-12-19 21:58:44,2005-12-19 22:02:21,10012,3043,1,5567,4
1713472,2005-12-20 00:16:44,2005-12-20 00:21:12,7001,7038,1,1071,4
1713779,2005-12-20 03:11:04,2005-12-20 03:43:56,7011,7011,1,6434,32
1714100,2005-12-20 08:00:31,2005-12-20 08:00:31,7011,3043,1,4542,0
1714224,2005-12-20 08:15:57,2005-12-20 08:30:49,10064,10005,1,3304,14
1714242,2005-12-20 08:19:11,2005-12-20 08:33:05,7011,3016,1,2498,12
1714338,2005-12-20 08:25:19,2005-12-20 08:43:04,3016,10005,1,1295,9
1714374,2005-12-20 08:29:32,2005-12-20 08:46:34,3016,10005,1,3806,16
1714487,2005-12-20 08:28:57,2005-12-20 08:37:32,7001,7001,1,1021,8
1714770,2005-12-20 09:10:41,2005-12-20 09:16:30,10005,10056,1,972,5
1714807,2005-12-20 08:52:28,2005-12-20 09:02:10,7038,7001,1,1163,9
1715174,2005-12-20 09:24:04,2005-12-20 09:58:49,3043,10005,1,3833,16
1715298,2005-12-20 10:06:21,2005-12-20 10:17:38,3016,3016,1,1152,11
1715357,2005-12-20 10:21:32,2005-12-20 10:25:46,10005,10056,1,975,4
1715414,2005-12-20 10:17:14,2005-12-20 10:33:46,10024,3016,1,3422,16
1715536,2005-12-20 10:34:42,2005-12-20 10:51:21,10064,10064,1,1016,16
1715623,2005-12-20 10:52:13,2005-12-20 11:09:17,10064,10064,1,853,17
1716317,2005-12-20 12:14:32,2005-12-20 12:17:54,10056,7001,1,5335,3
1716553,2005-12-20 12:35:06,2005-12-20 12:54:34,3016,3016,1,2791,19
1716648,2005-12-20 12:40:27,2005-12-20 12:47:48,7038,7001,1,1395,6
1716690,2005-12-20 12:50:10,2005-12-20 13:09:11,3016,3016,1,3806,18
1716911,2005-12-20 13:29:43,2005-12-20 13:33:20,10024,10024,1,65,3
1717153,2005-12-20 13:34:01,2005-12-20 13:39:34,7001,7038,1,1056,5
1717162,2005-12-20 13:50:35,2005-12-20 13:57:57,10024,10064,1,1528,7
1717645,2005-12-20 13:56:22,2005-12-20 14:36:01,7001,10056,1,5236,22
1717933,2005-12-20 15:01:51,2005-12-20 15:05:06,3016,3016,1,124,3
1718145,2005-12-20 15:01:06,2005-12-20 15:24:54,10005,10005,1,4958,23
1718808,2005-12-20 15:17:22,2005-12-20 16:30:07,7011,7011,1,1416,72
1719084,2005-12-20 16:33:28,2005-12-20 16:55:24,10005,10005,1,3456,21
1719278,2005-12-20 16:30:57,2005-12-20 16:54:44,7001,7001,1,853,4
1720501,2005-12-20 18:35:09,2005-12-20 18:35:09,3016,7001,1,569,0
1720874,2005-12-20 18:48:14,2005-12-20 19:07:42,10056,10056,1,2276,19
1721449,2005-12-20 19:14:36,2005-12-20 19:47:13,3043,10012,1,3575,14
1722505,2005-12-20 21:57:17,2005-12-20 21:57:17,10012,3043,1,3603,0
1722876,2005-12-20 23:38:00,2005-12-20 23:58:39,7001,3016,1,616,3
1723088,2005-12-21 00:23:50,2005-12-21 00:38:17,3043,7001,1,2941,13
1723089,2005-12-21 00:23:26,2005-12-21 00:38:35,3043,7001,1,2900,14
1723281,2005-12-21 01:28:47,2005-12-21 01:51:55,3043,10024,1,901,4
1723293,2005-12-21 01:56:18,2005-12-21 01:57:48,7011,7011,1,101,1
1724017,2005-12-21 08:23:38,2005-12-21 08:36:56,10064,10005,1,3240,13
1724256,2005-12-21 08:41:37,2005-12-21 09:00:02,3016,10005,1,3693,18
1724295,2005-12-21 08:57:05,2005-12-21 09:03:06,10056,10005,1,970,6
1724372,2005-12-21 08:50:15,2005-12-21 08:52:04,7001,7001,1,63,1
1724566,2005-12-21 09:04:53,2005-12-21 09:06:50,7001,7001,1,74,1
1725227,2005-12-21 10:31:35,2005-12-21 10:39:55,7038,7001,1,1162,7
1725564,2005-12-21 10:37:54,2005-12-21 11:26:04,7001,7001,1,3198,48
1726327,2005-12-21 12:34:20,2005-12-21 12:46:21,7038,7001,1,1593,11
1726376,2005-12-21 12:39:58,2005-12-21 12:49:02,7038,3043,1,1694,9
1726704,2005-12-21 13:21:34,2005-12-21 13:29:50,7001,7038,1,1084,8
1726776,2005-12-21 13:48:20,2005-12-21 13:55:11,10024,10064,1,1540,6
1726857,2005-12-21 13:40:35,2005-12-21 13:45:30,7001,7038,1,1046,5
1726959,2005-12-21 13:54:06,2005-12-21 13:54:22,7001,7001,1,2454,0
1727183,2005-12-21 13:17:28,2005-12-21 14:30:50,10056,10056,1,6704,73
1727218,2005-12-21 14:16:23,2005-12-21 14:34:23,3016,7011,1,2835,17
1727624,2005-12-21 14:58:56,2005-12-21 15:21:03,7001,3016,1,575,4
1727656,2005-12-21 15:01:21,2005-12-21 15:06:55,7001,7038,1,1077,5
1727659,2005-12-21 14:36:25,2005-12-21 15:06:47,3043,3043,1,3063,30
1727663,2005-12-21 14:38:36,2005-12-21 15:06:57,3043,3043,1,3400,28
1727842,2005-12-21 15:14:41,2005-12-21 15:46:45,3043,10064,1,2754,13
1727876,2005-12-21 15:23:59,2005-12-21 15:32:20,7001,7038,1,1214,8
1728018,2005-12-21 15:57:56,2005-12-21 16:07:32,3016,3016,1,1380,9
1728093,2005-12-21 16:09:28,2005-12-21 16:15:07,10064,10024,1,1518,5
1728118,2005-12-21 15:51:41,2005-12-21 15:58:23,3043,3043,1,294,6
1728131,2005-12-21 15:52:34,2005-12-21 15:59:29,3043,3043,1,269,6
1728305,2005-12-21 16:12:34,2005-12-21 16:34:28,7001,3016,1,567,4
1728461,2005-12-21 15:05:05,2005-12-21 16:50:45,10005,10005,1,6664,105
1728526,2005-12-21 16:36:37,2005-12-21 16:57:45,10005,3016,1,4657,21
1728687,2005-12-21 16:41:28,2005-12-21 16:56:24,7001,7001,1,586,14
1728810,2005-12-21 16:30:57,2005-12-21 17:08:38,7001,7001,1,2436,37
1728867,2005-12-21 17:29:34,2005-12-21 17:32:00,3016,3016,1,248,2
1729130,2005-12-21 17:22:08,2005-12-21 17:37:37,7038,7038,1,1352,15
1729312,2005-12-21 18:10:17,2005-12-21 18:11:58,3016,3016,1,61,1
1729472,2005-12-21 18:21:25,2005-12-21 18:22:53,3016,3016,1,51,1
1729809,2005-12-21 18:08:16,2005-12-21 18:30:10,7038,7038,1,2293,20
1729815,2005-12-21 18:12:42,2005-12-21 18:30:51,3016,7001,1,4251,18
1729975,2005-12-21 18:36:52,2005-12-21 18:43:28,7038,7001,1,1130,6
1730033,2005-12-21 19:02:54,2005-12-21 19:05:11,3016,3016,1,61,2
1730121,2005-12-21 18:55:54,2005-12-21 19:10:49,10024,10024,1,643,14
1730442,2005-12-21 19:11:42,2005-12-21 19:35:38,10056,10056,1,7806,23
1730513,2005-12-21 19:30:56,2005-12-21 19:30:56,3016,7038,1,1579,0
1730970,2005-12-21 20:03:31,2005-12-21 20:25:34,7001,3016,1,584,4
1730990,2005-12-21 19:35:43,2005-12-21 20:09:09,7001,7001,1,1877,33
1731345,2005-12-21 21:25:58,2005-12-21 21:38:51,10005,10005,1,1935,12
1731527,2005-12-21 21:59:41,2005-12-21 22:09:14,3043,7001,1,2098,8
1731529,2005-12-21 21:58:49,2005-12-21 22:09:24,3043,7001,1,2077,9
1731682,2005-12-21 23:01:33,2005-12-21 23:01:33,10024,7001,1,2213,0
1731685,2005-12-21 21:38:21,2005-12-21 22:53:27,3043,3043,1,4124,75
1732291,2005-12-22 01:52:04,2005-12-22 02:05:07,7001,7001,1,2965,13
1732905,2005-12-22 08:18:16,2005-12-22 08:33:04,10064,10005,1,3299,14
1733730,2005-12-22 09:54:45,2005-12-22 10:09:33,3016,3016,1,2654,14
1734010,2005-12-22 10:42:23,2005-12-22 10:55:20,7011,3016,1,2847,12
1734226,2005-12-22 11:07:01,2005-12-22 11:07:43,7001,7001,1,1994,1
1734368,2005-12-22 11:22:05,2005-12-22 11:27:08,3043,3043,1,880,4
1734495,2005-12-22 11:50:15,2005-12-22 11:50:15,10024,3043,1,1581,0
1734823,2005-12-22 12:11:21,2005-12-22 12:22:44,7001,3043,1,2677,11
1734826,2005-12-22 12:19:56,2005-12-22 12:42:06,7001,3016,1,603,4
1735388,2005-12-22 13:21:41,2005-12-22 13:27:21,7001,7038,1,1048,5
1735431,2005-12-22 13:31:57,2005-12-22 13:34:01,7001,7001,1,95,1
1736253,2005-12-22 14:06:36,2005-12-22 15:18:12,10005,10005,1,15183,71
1736412,2005-12-22 15:32:14,2005-12-22 15:34:11,3016,3016,1,80,1
1736730,2005-12-22 15:17:27,2005-12-22 16:13:07,10005,10056,1,9486,55
1736734,2005-12-22 15:16:47,2005-12-22 16:13:17,10005,10056,1,9170,56
1737045,2005-12-22 16:20:16,2005-12-22 16:27:47,7038,7001,1,1142,7
1737461,2005-12-22 16:14:28,2005-12-22 17:24:17,7001,3016,1,2976,51
1737619,2005-12-22 16:25:34,2005-12-22 17:36:37,10005,10005,1,5817,70
1737885,2005-12-22 17:17:18,2005-12-22 17:41:36,7001,7001,1,3798,24
1738152,2005-12-22 18:04:12,2005-12-22 18:20:19,10064,10064,1,1757,16
1738236,2005-12-22 18:13:32,2005-12-22 18:26:21,10005,10064,1,3303,12
1738243,2005-12-22 18:05:02,2005-12-22 18:26:57,7001,3016,1,573,3
1738377,2005-12-22 18:32:54,2005-12-22 18:32:54,3016,7001,1,594,0
1738660,2005-12-22 18:49:07,2005-12-22 18:49:07,10064,3043,1,2572,0
1738700,2005-12-22 19:00:19,2005-12-22 19:04:03,3016,3016,1,173,3
1739061,2005-12-22 17:47:43,2005-12-22 19:15:42,7001,7001,1,2578,87
1739309,2005-12-22 19:24:48,2005-12-22 19:37:52,7038,3043,1,2242,13
1739446,2005-12-22 19:36:12,2005-12-22 19:53:49,7001,7001,1,2131,17
1739468,2005-12-22 19:57:09,2005-12-22 19:57:51,3016,7001,1,2739,1
1739472,2005-12-22 20:03:51,2005-12-22 20:03:51,3016,7001,1,2278,0
1740020,2005-12-22 21:52:22,2005-12-22 21:59:13,3016,3016,1,1126,6
1740069,2005-12-22 22:04:11,2005-12-22 22:04:11,10012,3043,1,4771,0
1741354,2005-12-23 08:16:02,2005-12-23 08:30:34,10064,10005,1,3257,14
1741390,2005-12-23 08:05:32,2005-12-23 08:36:55,3043,7011,1,2534,11
1741592,2005-12-23 08:44:20,2005-12-23 09:02:26,3016,10005,1,3805,17
1741746,2005-12-23 09:16:33,2005-12-23 09:18:42,10064,10064,1,97,2
1741968,2005-12-23 09:33:36,2005-12-23 09:33:36,3016,7001,1,1120,0
1742137,2005-12-23 09:05:47,2005-12-23 10:20:50,3016,3016,1,6882,74
1742304,2005-12-23 10:23:46,2005-12-23 10:30:26,7038,7001,1,1147,6
1742317,2005-12-23 10:39:31,2005-12-23 10:51:07,10024,3016,1,3229,11
1742461,2005-12-23 10:59:56,2005-12-23 11:15:37,3016,3016,1,2438,15
1742632,2005-12-23 11:03:22,2005-12-23 11:24:59,7001,7001,1,2429,21
1742690,2005-12-23 10:46:38,2005-12-23 11:51:46,7001,10024,1,4212,46
1742826,2005-12-23 11:58:09,2005-12-23 12:06:56,7011,7011,1,630,8
1742832,2005-12-23 11:18:59,2005-12-23 12:07:39,10005,10005,1,8763,48
1742912,2005-12-23 11:42:58,2005-12-23 12:15:10,3016,3016,1,4204,32
1742983,2005-12-23 11:54:48,2005-12-23 12:06:32,10024,7001,1,3177,12
1742989,2005-12-23 11:31:50,2005-12-23 12:25:34,10005,10005,1,4641,53
1742993,2005-12-23 11:35:10,2005-12-23 12:25:36,10005,10005,1,4638,50
1743035,2005-12-23 12:26:08,2005-12-23 12:30:59,10064,10012,1,685,4
1743049,2005-12-23 12:19:14,2005-12-23 12:32:52,10005,10064,1,3944,13
1743072,2005-12-23 12:08:07,2005-12-23 12:16:23,7001,7001,1,851,8
1743167,2005-12-23 10:51:51,2005-12-23 12:26:38,7038,7038,1,6850,94
1743197,2005-12-23 12:22:43,2005-12-23 12:31:00,7038,7001,1,1178,7
1743322,2005-12-23 12:20:44,2005-12-23 12:43:59,3043,7001,1,3533,22
1743589,2005-12-23 13:12:26,2005-12-23 13:17:31,7001,7038,1,1067,5
1743650,2005-12-23 13:17:25,2005-12-23 13:27:44,7001,7038,1,1067,10
1743712,2005-12-23 13:32:17,2005-12-23 13:37:23,7001,7038,1,1052,5
1744033,2005-12-23 14:05:43,2005-12-23 14:11:39,7038,7001,1,1134,5
1744392,2005-12-23 14:43:43,2005-12-23 14:50:27,7001,7038,1,1205,7
1744568,2005-12-23 15:06:03,2005-12-23 15:12:32,7038,7001,1,1143,5
1744979,2005-12-23 15:37:03,2005-12-23 15:51:34,7001,7001,1,1218,14
1745426,2005-12-23 16:10:49,2005-12-23 16:28:18,7038,7038,1,1081,17
1745629,2005-12-23 16:43:25,2005-12-23 17:03:03,3016,3016,1,3104,19
1745776,2005-12-23 17:10:27,2005-12-23 17:10:27,3016,7001,1,598,0
1745928,2005-12-23 17:07:51,2005-12-23 17:07:51,7011,3043,1,1058,0
1746339,2005-12-23 17:31:12,2005-12-23 17:36:13,3043,3043,1,80,4
1746722,2005-12-23 18:18:53,2005-12-23 18:25:03,10064,10024,1,1512,6
1746862,2005-12-23 17:54:39,2005-12-23 18:18:23,7001,7001,1,3402,23
1747382,2005-12-23 18:38:09,2005-12-23 19:34:17,3016,3016,1,2995,56
1747633,2005-12-23 19:20:06,2005-12-23 20:08:07,3043,10012,1,3607,28
1747956,2005-12-23 20:49:49,2005-12-23 21:02:38,7001,7001,1,834,12
1748369,2005-12-23 23:19:37,2005-12-23 23:47:44,3043,3043,1,3968,28
1748401,2005-12-23 23:49:59,2005-12-24 00:04:38,3043,7001,1,2472,13
1748408,2005-12-23 23:50:37,2005-12-24 00:26:31,3043,3016,1,3217,15
1748409,2005-12-23 23:46:35,2005-12-24 00:26:44,3043,3016,1,2965,20
1748588,2005-12-24 01:09:20,2005-12-24 01:13:43,7001,7038,1,1157,4
1748768,2005-12-24 02:27:00,2005-12-24 02:43:55,3043,3043,1,2945,16
1749032,2005-12-24 08:20:20,2005-12-24 08:25:55,3016,3016,1,851,5
1749094,2005-12-24 09:05:57,2005-12-24 09:05:57,7011,7001,1,1701,0
1749100,2005-12-24 08:50:56,2005-12-24 08:57:56,7038,7001,1,1123,6
1749213,2005-12-24 09:38:00,2005-12-24 09:43:00,7038,7038,1,2293,5
1749251,2005-12-24 09:46:43,2005-12-24 10:14:44,3016,3016,1,3360,27
1749285,2005-12-24 10:03:32,2005-12-24 10:05:06,7001,7001,1,53,1
1749320,2005-12-24 10:08:59,2005-12-24 10:11:29,7001,7001,1,93,2
1749336,2005-12-24 10:03:12,2005-12-24 10:34:03,3043,3016,1,2631,10
1749496,2005-12-24 10:12:09,2005-12-24 10:46:55,7001,7001,1,3152,34
1749696,2005-12-24 11:10:05,2005-12-24 11:17:29,7001,7001,1,874,7
1749796,2005-12-24 11:29:21,2005-12-24 11:31:17,7001,7001,1,91,1
1749870,2005-12-24 11:52:39,2005-12-24 12:00:59,10064,10064,1,1419,8
1749896,2005-12-24 11:38:22,2005-12-24 12:04:24,7001,3016,1,1088,7
1749962,2005-12-24 11:31:06,2005-12-24 11:58:11,7001,7001,1,2133,27
1750087,2005-12-24 12:04:46,2005-12-24 12:13:31,7001,7001,1,1016,8
1750393,2005-12-24 13:01:08,2005-12-24 13:08:33,3043,3043,1,1542,7
1750695,2005-12-24 14:08:51,2005-12-24 14:17:07,7038,7001,1,1142,7
1751100,2005-12-24 15:14:54,2005-12-24 15:26:27,7001,7001,1,1447,11
1751253,2005-12-24 15:25:12,2005-12-24 16:09:24,3043,10024,1,1684,23
1751382,2005-12-24 16:03:58,2005-12-24 16:25:46,3016,3016,1,5213,21
1751617,2005-12-24 16:53:12,2005-12-24 17:03:16,10024,10012,1,2305,9
1751757,2005-12-24 16:49:05,2005-12-24 17:07:50,7001,3043,1,2674,19
1751866,2005-12-24 17:31:22,2005-12-24 17:42:50,10012,10024,1,2176,11
1752318,2005-12-24 18:51:36,2005-12-24 18:54:23,10056,7001,1,5235,3
1752379,2005-12-24 19:31:22,2005-12-24 19:35:27,3016,3016,1,141,3
1752475,2005-12-24 20:17:51,2005-12-24 20:19:31,3016,3016,1,55,1
1752505,2005-12-24 20:11:48,2005-12-24 20:32:32,10056,10056,1,4887,20
1752669,2005-12-25 00:31:07,2005-12-25 00:43:20,7011,3016,1,3925,12
1752758,2005-12-25 01:38:15,2005-12-25 02:11:02,10056,10056,1,802,32
1752772,2005-12-25 02:00:52,2005-12-25 02:25:32,3016,10056,1,4479,24
1753125,2005-12-25 12:00:00,2005-12-25 12:10:04,10056,10056,1,1480,10
1753128,2005-12-25 12:10:39,2005-12-25 12:11:52,3016,3016,1,51,1
1753182,2005-12-25 12:02:36,2005-12-25 12:42:28,7001,10024,1,3443,20
1753282,2005-12-25 13:32:17,2005-12-25 13:40:49,10056,10056,1,206,8
1753295,2005-12-25 13:13:34,2005-12-25 13:53:17,10005,10005,1,5116,39
1753297,2005-12-25 13:14:37,2005-12-25 13:53:34,10005,10005,1,5055,38
1753352,2005-12-25 14:01:44,2005-12-25 14:30:56,7001,3043,1,3131,29
1753457,2005-12-25 16:21:21,2005-12-25 16:26:17,10056,10005,1,968,5
1753704,2005-12-25 17:47:38,2005-12-25 18:04:14,7001,7001,1,2785,16
1753706,2005-12-25 17:47:04,2005-12-25 18:04:42,7001,7001,1,2678,17
1753964,2005-12-25 17:06:56,2005-12-25 20:36:39,7011,7011,1,6632,209
1754009,2005-12-25 20:38:54,2005-12-25 20:45:46,7001,7038,1,1079,7
1754406,2005-12-26 02:19:12,2005-12-26 02:52:05,3043,10005,1,3575,11
1754420,2005-12-26 03:03:03,2005-12-26 03:26:11,10056,10056,1,4901,23
1755062,2005-12-26 10:52:45,2005-12-26 10:59:38,3016,3016,1,1237,6
1755250,2005-12-26 11:31:48,2005-12-26 11:52:57,10024,3016,1,3476,21
1755342,2005-12-26 11:18:52,2005-12-26 11:54:25,7001,7001,1,1889,35
1755343,2005-12-26 11:21:03,2005-12-26 11:54:42,7001,7001,1,1874,33
1755884,2005-12-26 13:29:46,2005-12-26 14:12:34,7001,3016,1,998,22
1756102,2005-12-26 14:26:07,2005-12-26 15:01:43,7001,10024,1,2878,15
1756104,2005-12-26 14:26:55,2005-12-26 15:01:47,7001,10024,1,2884,14
1756287,2005-12-26 15:24:16,2005-12-26 15:37:33,3016,10024,1,3297,13
1756422,2005-12-26 16:02:19,2005-12-26 16:04:32,10012,10012,1,68,2
1756695,2005-12-26 16:09:17,2005-12-26 16:29:54,7038,7038,1,2732,20
1756778,2005-12-26 16:30:41,2005-12-26 17:05:45,3043,10024,1,1995,13
1756779,2005-12-26 16:41:14,2005-12-26 16:45:11,7001,7038,1,1086,4
1756837,2005-12-26 16:40:09,2005-12-26 17:13:36,10005,10005,1,7554,33
1756838,2005-12-26 16:41:04,2005-12-26 17:13:47,10005,10005,1,7440,32
1757182,2005-12-26 17:31:07,2005-12-26 18:02:32,10005,10005,1,3827,31
1757194,2005-12-26 17:31:36,2005-12-26 18:03:52,10005,10005,1,3819,32
1757389,2005-12-26 18:13:18,2005-12-26 18:25:16,10056,10012,1,2359,11
1757486,2005-12-26 17:32:48,2005-12-26 18:16:02,3043,3043,1,8171,43
1757503,2005-12-26 18:37:12,2005-12-26 18:39:07,3016,3016,1,51,1
1757897,2005-12-26 19:30:56,2005-12-26 19:44:58,10012,10056,1,2880,13
1757966,2005-12-26 19:55:19,2005-12-26 20:00:44,10056,10005,1,985,5
1757993,2005-12-26 19:36:12,2005-12-26 20:05:25,10024,10024,1,2012,29
1758054,2005-12-26 19:45:39,2005-12-26 20:18:35,3043,10012,1,3488,11
1758141,2005-12-26 20:21:19,2005-12-26 20:40:37,3016,3016,1,533,19
1758142,2005-12-26 20:22:28,2005-12-26 20:40:49,3016,3016,1,1149,18
1758304,2005-12-26 21:16:27,2005-12-26 21:26:49,7038,7038,1,1891,10
1758370,2005-12-26 22:12:51,2005-12-26 22:12:51,10024,3043,1,916,0
1758376,2005-12-26 22:07:40,2005-12-26 22:07:40,10012,3043,1,3380,0
1758456,2005-12-26 22:37:15,2005-12-26 23:01:27,10005,10005,1,2845,24
1758552,2005-12-27 00:00:45,2005-12-27 00:12:26,10012,10056,1,3042,11
1759198,2005-12-27 08:51:11,2005-12-27 08:58:08,7038,7001,1,1149,6
1759614,2005-12-27 10:47:40,2005-12-27 11:14:01,7001,3016,1,569,5
1759973,2005-12-27 12:22:14,2005-12-27 12:22:14,3016,7001,1,569,0
1759998,2005-12-27 11:38:42,2005-12-27 12:10:11,7001,7001,1,3979,31
1760044,2005-12-27 12:34:26,2005-12-27 12:37:42,3016,3016,1,364,3
1760302,2005-12-27 13:00:59,2005-12-27 13:06:43,7038,7001,1,1120,4
1760668,2005-12-27 13:35:56,2005-12-27 14:08:04,7001,7001,1,3251,32
1760672,2005-12-27 13:33:03,2005-12-27 14:08:24,7001,7001,1,3300,35
1760720,2005-12-27 13:56:53,2005-12-27 14:13:18,7001,3043,1,2113,16
1760742,2005-12-27 14:13:21,2005-12-27 14:38:38,10024,10024,1,985,25
1760916,2005-12-27 14:16:56,2005-12-27 14:42:16,3043,3043,1,1947,25
1760948,2005-12-27 14:34:32,2005-12-27 15:08:24,3043,3016,1,2572,12
1760952,2005-12-27 14:32:10,2005-12-27 15:08:44,3043,3016,1,2519,15
1761218,2005-12-27 15:23:16,2005-12-27 15:30:19,7001,7038,1,1201,7
1761449,2005-12-27 16:21:48,2005-12-27 16:28:29,10005,10056,1,962,6
1761450,2005-12-27 16:22:38,2005-12-27 16:28:34,10005,10056,1,977,5
1762088,2005-12-27 17:50:29,2005-12-27 17:57:24,10056,10005,1,979,6
1762089,2005-12-27 17:51:03,2005-12-27 17:57:25,10056,10005,1,964,6
1762687,2005-12-27 18:21:42,2005-12-27 18:59:11,3016,3016,1,2069,37
1762827,2005-12-27 19:08:26,2005-12-27 19:08:26,10024,3043,1,922,0
1762873,2005-12-27 18:55:39,2005-12-27 19:17:09,10064,3016,1,5592,21
1763164,2005-12-27 19:22:29,2005-12-27 19:29:55,7001,7038,1,1221,7
1763301,2005-12-27 19:13:49,2005-12-27 20:10:24,3043,10012,1,3423,34
1763723,2005-12-27 21:50:25,2005-12-27 22:04:27,7011,7011,1,1765,13
1763750,2005-12-27 22:02:22,2005-12-27 22:13:44,3016,3016,1,2763,11
1764064,2005-12-27 23:54:04,2005-12-28 00:25:46,3016,3016,1,2880,31
1764066,2005-12-28 00:13:52,2005-12-28 00:26:40,10012,10056,1,3173,12
1764645,2005-12-28 08:52:53,2005-12-28 08:55:11,7001,7001,1,59,2
1764661,2005-12-28 09:01:55,2005-12-28 09:18:24,3016,10005,1,3634,16
1764662,2005-12-28 08:55:37,2005-12-28 08:57:45,7001,7001,1,55,2
1764759,2005-12-28 09:22:03,2005-12-28 09:25:09,7001,7001,1,143,3
1765236,2005-12-28 13:23:19,2005-12-28 13:29:29,10064,10064,1,808,6
1765617,2005-12-28 14:37:06,2005-12-28 15:12:01,3043,3016,1,2520,12
1765732,2005-12-28 15:13:29,2005-12-28 15:19:55,7001,7038,1,1199,6
1765969,2005-12-28 16:25:45,2005-12-28 16:54:40,7001,7011,1,2545,8
1766012,2005-12-28 17:06:53,2005-12-28 17:11:44,10056,10005,1,999,4
1766244,2005-12-28 17:39:48,2005-12-28 18:18:13,7038,3016,1,2801,16
1766289,2005-12-28 18:19:36,2005-12-28 18:29:27,3016,3016,1,953,9
1766378,2005-12-28 18:33:45,2005-12-28 18:48:01,10056,10012,1,2602,14
1766444,2005-12-28 18:50:47,2005-12-28 19:06:42,10005,3016,1,3770,15
1766879,2005-12-28 19:55:49,2005-12-28 21:18:21,3043,3043,1,1197,82
1766946,2005-12-28 21:44:24,2005-12-28 22:26:01,10056,10056,1,4907,41
1766947,2005-12-28 21:43:58,2005-12-28 22:26:04,10056,10056,1,4909,42
1767167,2005-12-29 01:36:33,2005-12-29 01:53:54,10012,10005,1,3461,17
1767522,2005-12-29 08:37:53,2005-12-29 08:59:20,3016,10005,1,3731,21
1768027,2005-12-29 11:09:11,2005-12-29 11:35:36,7038,7011,1,880,4
1768040,2005-12-29 11:35:08,2005-12-29 11:40:25,10056,10005,1,977,5
1768077,2005-12-29 11:29:21,2005-12-29 11:31:09,7001,7001,1,53,1
1768203,2005-12-29 11:59:24,2005-12-29 12:24:06,7001,3016,1,584,3
1768234,2005-12-29 12:22:05,2005-12-29 12:22:05,7011,7038,1,943,0
1768363,2005-12-29 12:47:30,2005-12-29 12:52:39,10005,10056,1,974,5
1768789,2005-12-29 14:03:29,2005-12-29 14:33:46,7001,3016,1,1180,8
1769236,2005-12-29 15:42:17,2005-12-29 16:09:08,7001,3016,1,576,5
1769368,2005-12-29 16:27:28,2005-12-29 16:27:28,3016,7001,1,565,0
1769490,2005-12-29 16:24:14,2005-12-29 16:33:02,3043,3043,1,1338,8
1769823,2005-12-29 17:26:31,2005-12-29 17:57:30,7001,7011,1,1707,9
1770225,2005-12-29 18:28:50,2005-12-29 18:38:39,7001,7001,1,1693,9
1770316,2005-12-29 18:58:06,2005-12-29 19:10:38,10064,10064,1,1593,12
1770437,2005-12-29 19:09:52,2005-12-29 19:29:44,10005,3016,1,3823,19
1770963,2005-12-29 21:51:27,2005-12-29 21:51:27,10012,3043,1,3214,0
1771168,2005-12-29 23:37:00,2005-12-29 23:51:53,10056,10056,1,1176,14
1771331,2005-12-30 01:25:32,2005-12-30 01:37:55,10024,10012,1,2745,12
1771808,2005-12-30 09:24:23,2005-12-30 09:26:18,3016,3016,1,63,1
1771809,2005-12-30 09:23:49,2005-12-30 09:26:37,3016,3016,1,87,2
1771911,2005-12-30 09:54:06,2005-12-30 10:05:57,10056,10012,1,2676,11
1771975,2005-12-30 10:15:24,2005-12-30 10:27:08,10024,3016,1,3247,11
1772202,2005-12-30 10:56:24,2005-12-30 11:29:33,7038,7038,1,3157,33
1772240,2005-12-30 10:53:14,2005-12-30 12:02:29,3016,3016,1,3189,69
1772349,2005-12-30 11:55:26,2005-12-30 12:30:59,3016,3016,1,3209,35
1772456,2005-12-30 12:23:12,2005-12-30 12:28:07,3016,7001,1,672,5
1772593,2005-12-30 12:50:31,2005-12-30 12:55:38,7001,7001,1,1027,5
1772646,2005-12-30 12:32:16,2005-12-30 13:37:25,3016,3016,1,2248,65
1772686,2005-12-30 12:29:35,2005-12-30 13:28:30,7001,7001,1,1115,58
1773007,2005-12-30 14:39:45,2005-12-30 15:10:04,7001,3016,1,116,1
1773219,2005-12-30 16:00:40,2005-12-30 16:00:40,3016,7001,1,620,0
1773279,2005-12-30 15:54:42,2005-12-30 16:11:41,7038,7001,1,1169,16
1773380,2005-12-30 15:58:37,2005-12-30 17:23:52,3016,3016,1,1287,84
1773638,2005-12-30 19:45:58,2005-12-30 19:53:16,10024,10064,1,1562,7
1773642,2005-12-30 19:05:26,2005-12-30 19:55:39,3043,10012,1,3638,26
1773797,2005-12-30 22:08:05,2005-12-30 22:31:52,3016,10012,1,4947,23
1774294,2005-12-31 10:30:19,2005-12-31 10:30:19,7011,7001,1,1740,0
1774297,2005-12-31 10:29:49,2005-12-31 10:29:49,7011,7001,1,1675,0
1774438,2005-12-31 11:15:49,2005-12-31 11:27:07,10024,3016,1,3250,11
1774704,2005-12-31 11:46:27,2005-12-31 12:08:28,7038,7001,1,2767,21
1774733,2005-12-31 12:20:47,2005-12-31 12:46:49,7001,3016,1,561,3
1774748,2005-12-31 11:58:11,2005-12-31 12:49:53,3016,3016,1,1409,51
1774766,2005-12-31 12:21:52,2005-12-31 12:53:22,7001,7011,1,1789,9
1774768,2005-12-31 12:21:19,2005-12-31 12:53:29,7001,7011,1,1776,9
1774782,2005-12-31 12:26:54,2005-12-31 12:33:42,7001,7038,1,1136,7
1774858,2005-12-31 13:18:36,2005-12-31 13:23:00,10056,10005,1,952,4
1774897,2005-12-31 13:15:41,2005-12-31 13:34:17,10012,3016,1,4878,18
1774938,2005-12-31 13:21:16,2005-12-31 13:47:38,3016,3016,1,4824,26
1775136,2005-12-31 14:37:35,2005-12-31 14:40:07,3016,3016,1,137,2
1775484,2005-12-31 15:13:36,2005-12-31 15:23:32,7001,7038,1,1060,10
1775515,2005-12-31 14:36:55,2005-12-31 15:54:03,3016,3016,1,8363,77
1775663,2005-12-31 15:47:27,2005-12-31 15:53:13,7038,7001,1,1132,5
1776013,2005-12-31 15:56:38,2005-12-31 17:05:38,10005,10005,1,7411,68
1776122,2005-12-31 15:46:21,2005-12-31 16:58:13,3043,3043,1,5852,72
1776123,2005-12-31 15:45:40,2005-12-31 16:58:18,3043,3043,1,5733,72
1776228,2005-12-31 17:01:38,2005-12-31 17:21:32,3043,3043,1,5731,19
1776266,2005-12-31 17:12:52,2005-12-31 17:53:07,3043,3016,1,2653,16
1776501,2005-12-31 18:02:42,2005-12-31 18:20:42,7001,7001,1,1871,17
1776571,2005-12-31 18:28:09,2005-12-31 18:35:12,10012,7001,1,6087,7
1776895,2005-12-31 20:26:39,2005-12-31 20:29:02,7001,7001,1,76,2
